PID,Trial,ResponseTime,Function
190510_00000_0,1,22,3
190510_00000_0,2,23,3
190510_00000_0,3,22,1
190510_00000_0,4,28,2
190510_00000_0,5,25,2
190510_00000_0,6,22,1
190510_00000_0,7,35,2
190510_00000_0,8,17,1
190510_00000_0,9,16,2
190510_00000_0,10,41,3
190510_00000_0,11,27,2
190510_00000_0,12,27,1
190510_00000_0,13,35,2
190510_00000_0,14,18,1
190510_00000_0,15,31,3
190510_00000_0,16,34,1
190510_00000_0,17,27,2
190510_00000_0,18,24,3
190510_00000_0,19,31,3
190510_00000_0,20,28,3
190510_00000_0,21,40,1
190510_00000_0,22,26,2
190510_00000_0,23,31,2
190510_00000_0,24,38,3
190510_00000_0,25,28,3
190510_00000_0,26,16,3
190510_00000_0,27,20,1
190510_00000_0,28,15,3
190510_00000_0,29,21,1
190510_00000_0,30,22,1
190510_00000_0,31,27,1
190510_00000_0,32,35,2
190510_00000_0,33,26,1
190510_00000_0,34,32,1
190510_00000_0,35,34,3
190510_00000_0,36,24,1
190510_00000_0,37,14,3
190510_00000_0,38,26,2
190510_00000_0,39,28,3
190510_00000_0,40,29,2
190510_00000_0,41,40,2
190510_00000_0,42,41,3
190510_00000_0,43,19,2
190510_00000_0,44,27,2
190510_00000_0,45,28,1
